{
    "image": {
        "bg": "../../assets/menu/bg.jpg",
        "tile_hover": "../../assets/maps/tile_hover.png"
    },
    "audio": {
        "sfx_admin" : {
            "wav": "../../assets/sfx/admin.wav"
        }
    },
    "spritesheet": {
        "base_0_0": ["../../assets/players/base_0_0.png", { "frameWidth": 34, "frameHeight": 77 }],
        "tiles": ["../../assets/maps/tileset.png", { "frameWidth": 64, "frameHeight": 32 }],
        "objects": ["../../assets/maps/objectset.png", { "frameWidth": 56, "frameHeight": 172 }],
        "objects2": ["../../assets/maps/objectset2.png", { "frameWidth": 56, "frameHeight": 172 }],
        "walls":  ["../../assets/maps/wallset.png", { "frameWidth": 32, "frameHeight": 531 }]
    }
}